{
  "Notification/Getnotitfication" : {
    "transaction" : "Notification/Getnotitfication",
    "sampleCount" : 100,
    "errorCount" : 0,
    "errorPct" : 0.0,
    "meanResTime" : 42.769999999999996,
    "medianResTime" : 35.0,
    "minResTime" : 28.0,
    "maxResTime" : 107.0,
    "pct1ResTime" : 67.0,
    "pct2ResTime" : 82.94999999999999,
    "pct3ResTime" : 106.91999999999996,
    "throughput" : 10.359473738734073,
    "receivedKBytesPerSec" : 186.89542758727856,
    "sentKBytesPerSec" : 6.666887884595463
  },
  "Home/UserLogin" : {
    "transaction" : "Home/UserLogin",
    "sampleCount" : 100,
    "errorCount" : 0,
    "errorPct" : 0.0,
    "meanResTime" : 74.23999999999998,
    "medianResTime" : 11.5,
    "minResTime" : 5.0,
    "maxResTime" : 3062.0,
    "pct1ResTime" : 21.900000000000006,
    "pct2ResTime" : 31.899999999999977,
    "pct3ResTime" : 3061.94,
    "throughput" : 10.274324463166547,
    "receivedKBytesPerSec" : 6.190681829857186,
    "sentKBytesPerSec" : 3.9030392736052604
  },
  "Total" : {
    "transaction" : "Total",
    "sampleCount" : 500,
    "errorCount" : 0,
    "errorPct" : 0.0,
    "meanResTime" : 39.46800000000001,
    "medianResTime" : 13.0,
    "minResTime" : 3.0,
    "maxResTime" : 3062.0,
    "pct1ResTime" : 68.0,
    "pct2ResTime" : 78.94999999999999,
    "pct3ResTime" : 107.0,
    "throughput" : 50.8646998982706,
    "receivedKBytesPerSec" : 210.22420206002033,
    "sentKBytesPerSec" : 29.9227492370295
  },
  "Quality/GetDueData" : {
    "transaction" : "Quality/GetDueData",
    "sampleCount" : 100,
    "errorCount" : 0,
    "errorPct" : 0.0,
    "meanResTime" : 67.37,
    "medianResTime" : 62.5,
    "minResTime" : 53.0,
    "maxResTime" : 117.0,
    "pct1ResTime" : 87.9,
    "pct2ResTime" : 100.84999999999997,
    "pct3ResTime" : 116.94999999999997,
    "throughput" : 10.313531353135314,
    "receivedKBytesPerSec" : 7.835866594471947,
    "sentKBytesPerSec" : 6.5265315594059405
  },
  "Home/GetPlant" : {
    "transaction" : "Home/GetPlant",
    "sampleCount" : 200,
    "errorCount" : 0,
    "errorPct" : 0.0,
    "meanResTime" : 6.479999999999999,
    "medianResTime" : 5.0,
    "minResTime" : 3.0,
    "maxResTime" : 32.0,
    "pct1ResTime" : 11.0,
    "pct2ResTime" : 14.0,
    "pct3ResTime" : 16.99000000000001,
    "throughput" : 20.712510356255176,
    "receivedKBytesPerSec" : 13.066681338028168,
    "sentKBytesPerSec" : 13.309406068765533
  },
  "LogIn" : {
    "transaction" : "LogIn",
    "sampleCount" : 100,
    "errorCount" : 0,
    "errorPct" : 0.0,
    "meanResTime" : 197.33999999999992,
    "medianResTime" : 126.0,
    "minResTime" : 101.0,
    "maxResTime" : 3243.0,
    "pct1ResTime" : 186.8,
    "pct2ResTime" : 221.04999999999978,
    "pct3ResTime" : 3242.91,
    "throughput" : 9.96710854181202,
    "receivedKBytesPerSec" : 205.97068735672283,
    "sentKBytesPerSec" : 29.317315359314264
  }
}